<?xml version="1.0" encoding="UTF-8"?>
<con:soapui-project id="0ae2d376-224e-41fe-9527-fa42efcbcb45" activeEnvironment="Default" name="PersonServices" resourceRoot="${projectDir}" soapui-version="5.5.0" abortOnError="false" runType="SEQUENTIAL" xmlns:con="http://eviware.com/soapui/config"><con:settings/><con:interface xsi:type="con:WsdlInterface" id="f811e908-d08d-47e1-b58e-a16561b3a1af" wsaVersion="NONE" name="InMemoryPersonServiceServiceSoapBinding" type="wsdl" bindingName="{http://services.soap.services.irritatedtown.mnms.sample.io/}InMemoryPersonServiceServiceSoapBinding" soapVersion="1_1" anonymous="optional" definition="http://localhost:8080/soap/services/persons?wsdl" xmlns:xsi="http://www.w3.org/2001/XMLSchema-instance"><con:settings/><con:definitionCache type="TEXT" rootPart="http://localhost:8080/soap/services/persons?wsdl"><con:part><con:url>http://localhost:8080/soap/services/persons?wsdl</con:url><con:content><![CDATA[<wsdl:definitions name="InMemoryPersonServiceService" targetNamespace="http://services.soap.services.irritatedtown.mnms.sample.io/" xmlns:xsd="http://www.w3.org/2001/XMLSchema" xmlns:wsdl="http://schemas.xmlsoap.org/wsdl/" xmlns:tns="http://services.soap.services.irritatedtown.mnms.sample.io/" xmlns:soap="http://schemas.xmlsoap.org/wsdl/soap/" xmlns:ns3="http://schemas.xmlsoap.org/soap/http" xmlns:ns1="http://sample.service.io/">
  <wsdl:import location="http://localhost:8080/soap/services/persons?wsdl=PersonInformation.wsdl" namespace="http://sample.service.io/"></wsdl:import>
  <wsdl:binding name="InMemoryPersonServiceServiceSoapBinding" type="ns1:PersonInformation">
    <soap:binding style="document" transport="http://schemas.xmlsoap.org/soap/http"/>
    <wsdl:operation name="fetchPersons">
      <soap:operation soapAction="urn:personsInformation" style="document"/>
      <wsdl:input name="fetchPersons">
        <soap:body use="literal"/>
      </wsdl:input>
      <wsdl:output name="fetchPersonsResponse">
        <soap:body use="literal"/>
      </wsdl:output>
    </wsdl:operation>
    <wsdl:operation name="findById">
      <soap:operation soapAction="urn:personInformation" style="document"/>
      <wsdl:input name="findById">
        <soap:body use="literal"/>
      </wsdl:input>
      <wsdl:output name="findByIdResponse">
        <soap:body use="literal"/>
      </wsdl:output>
    </wsdl:operation>
  </wsdl:binding>
  <wsdl:service name="InMemoryPersonServiceService">
    <wsdl:port binding="tns:InMemoryPersonServiceServiceSoapBinding" name="InMemoryPersonServicePort">
      <soap:address location="http://localhost:8080/soap/services/persons"/>
    </wsdl:port>
  </wsdl:service>
</wsdl:definitions>]]></con:content><con:type>http://schemas.xmlsoap.org/wsdl/</con:type></con:part><con:part><con:url>http://localhost:8080/soap/services/persons?wsdl=PersonInformation.wsdl</con:url><con:content><![CDATA[<wsdl:definitions name="PersonInformation" targetNamespace="http://sample.service.io/" xmlns:xsd="http://www.w3.org/2001/XMLSchema" xmlns:wsdl="http://schemas.xmlsoap.org/wsdl/" xmlns:ns2="http://sample.service.io" xmlns:ns1="http://sample.service.io/">
  <wsdl:types>
    <xs:schema targetNamespace="http://sample.service.io/" version="1.0" xmlns:xs="http://www.w3.org/2001/XMLSchema" xmlns:tns="http://sample.service.io/">
      <xs:element name="person" type="tns:person"/>
      <xs:complexType name="person">
        <xs:sequence>
          <xs:element minOccurs="0" name="email" type="xs:string"/>
          <xs:element minOccurs="0" name="firstName" type="xs:string"/>
          <xs:element minOccurs="0" name="id" type="xs:string"/>
          <xs:element minOccurs="0" name="lastName" type="xs:string"/>
        </xs:sequence>
      </xs:complexType>
    </xs:schema>
    <xs:schema elementFormDefault="unqualified" targetNamespace="http://sample.service.io" version="1.0" xmlns:xs="http://www.w3.org/2001/XMLSchema" xmlns:tns="http://sample.service.io">
      <xs:import namespace="http://sample.service.io/"/>
      <xs:element name="fetchPersons" type="tns:fetchPersons"/>
      <xs:element name="fetchPersonsResponse" type="tns:fetchPersonsResponse"/>
      <xs:element name="findById" type="tns:findById"/>
      <xs:element name="findByIdResponse" type="tns:findByIdResponse"/>
      <xs:complexType name="fetchPersons">
        <xs:sequence/>
      </xs:complexType>
      <xs:complexType name="fetchPersonsResponse">
        <xs:sequence>
          <xs:element maxOccurs="unbounded" minOccurs="0" name="return" type="ns1:person"/>
        </xs:sequence>
      </xs:complexType>
      <xs:complexType name="findById">
        <xs:sequence>
          <xs:element minOccurs="0" name="personId" type="xs:string"/>
        </xs:sequence>
      </xs:complexType>
      <xs:complexType name="findByIdResponse">
        <xs:sequence>
          <xs:element minOccurs="0" name="return" type="ns1:person"/>
        </xs:sequence>
      </xs:complexType>
    </xs:schema>
  </wsdl:types>
  <wsdl:message name="fetchPersons">
    <wsdl:part element="ns2:fetchPersons" name="parameters"></wsdl:part>
  </wsdl:message>
  <wsdl:message name="findById">
    <wsdl:part element="ns2:findById" name="parameters"></wsdl:part>
  </wsdl:message>
  <wsdl:message name="findByIdResponse">
    <wsdl:part element="ns2:findByIdResponse" name="parameters"></wsdl:part>
  </wsdl:message>
  <wsdl:message name="fetchPersonsResponse">
    <wsdl:part element="ns2:fetchPersonsResponse" name="parameters"></wsdl:part>
  </wsdl:message>
  <wsdl:portType name="PersonInformation">
    <wsdl:operation name="fetchPersons">
      <wsdl:input message="ns1:fetchPersons" name="fetchPersons"></wsdl:input>
      <wsdl:output message="ns1:fetchPersonsResponse" name="fetchPersonsResponse"></wsdl:output>
    </wsdl:operation>
    <wsdl:operation name="findById">
      <wsdl:input message="ns1:findById" name="findById"></wsdl:input>
      <wsdl:output message="ns1:findByIdResponse" name="findByIdResponse"></wsdl:output>
    </wsdl:operation>
  </wsdl:portType>
</wsdl:definitions>]]></con:content><con:type>http://schemas.xmlsoap.org/wsdl/</con:type></con:part></con:definitionCache><con:endpoints><con:endpoint>http://localhost:8080/soap/services/persons</con:endpoint></con:endpoints><con:operation id="f0b2910c-31bb-4e66-ab00-a816f0675046" isOneWay="false" action="urn:personsInformation" name="fetchPersons" bindingOperationName="fetchPersons" type="Request-Response" outputName="fetchPersonsResponse" inputName="fetchPersons" receivesAttachments="false" sendsAttachments="false" anonymous="optional"><con:settings/><con:call id="736aeb88-4ec9-412a-9786-6e714ea27876" name="Request 1"><con:settings><con:setting id="com.eviware.soapui.impl.wsdl.WsdlRequest@request-headers">&lt;xml-fragment/></con:setting></con:settings><con:encoding>UTF-8</con:encoding><con:endpoint>http://localhost:8080/soap/services/persons</con:endpoint><con:request><![CDATA[<soapenv:Envelope xmlns:soapenv="http://schemas.xmlsoap.org/soap/envelope/" xmlns:sam="http://sample.service.io">\r
   <soapenv:Header/>\r
   <soapenv:Body>\r
      <sam:fetchPersons/>\r
   </soapenv:Body>\r
</soapenv:Envelope>]]></con:request><con:credentials><con:authType>No Authorization</con:authType></con:credentials><con:jmsConfig JMSDeliveryMode="PERSISTENT"/><con:jmsPropertyConfig/><con:wsaConfig mustUnderstand="NONE" version="200508" action="urn:personsInformation"/><con:wsrmConfig version="1.2"/></con:call></con:operation><con:operation id="6cbfb87f-24e5-4f7e-bede-75ea9fa5e5b1" isOneWay="false" action="urn:personInformation" name="findById" bindingOperationName="findById" type="Request-Response" outputName="findByIdResponse" inputName="findById" receivesAttachments="false" sendsAttachments="false" anonymous="optional"><con:settings/><con:call id="717d5d49-eb59-4962-86db-62d25c797362" name="Request 1"><con:settings><con:setting id="com.eviware.soapui.impl.wsdl.WsdlRequest@request-headers">&lt;xml-fragment/></con:setting></con:settings><con:encoding>UTF-8</con:encoding><con:endpoint>http://localhost:8080/soap/services/persons</con:endpoint><con:request><![CDATA[<soapenv:Envelope xmlns:soapenv="http://schemas.xmlsoap.org/soap/envelope/" xmlns:sam="http://sample.service.io">\r
   <soapenv:Header/>\r
   <soapenv:Body>\r
      <sam:findById>\r
         <personId>df8b3c45-451e-4750-b1a1-faaa9ba55e89</personId>\r
      </sam:findById>\r
   </soapenv:Body>\r
</soapenv:Envelope>]]></con:request><con:credentials><con:authType>No Authorization</con:authType></con:credentials><con:jmsConfig JMSDeliveryMode="PERSISTENT"/><con:jmsPropertyConfig/><con:wsaConfig mustUnderstand="NONE" version="200508" action="urn:personInformation"/><con:wsrmConfig version="1.2"/></con:call></con:operation></con:interface><con:properties/><con:wssContainer/><con:oAuth2ProfileContainer/><con:oAuth1ProfileContainer/></con:soapui-project>